transaction_id,entity,matched_invoice_id,transaction_date,amount
MN-BANK9001,Meridian North,MN-INV5001,2025-10-30,9896.16
MN-BANK9002,Meridian North,MN-INV5002,2025-08-07,2349.92
MN-BANK9003,Meridian North,MN-INV5003,2025-08-06,13292.12
MN-BANK9004,Meridian North,MN-INV5004,2025-02-13,8559.54
MN-BANK9005,Meridian North,MN-INV5005,2025-03-19,3044.65
MN-BANK9006,Meridian North,MN-INV5006,2025-07-09,17247.72
MN-BANK9007,Meridian North,MN-INV5007,2025-06-30,6441.85
MN-BANK9008,Meridian North,MN-INV5008,2025-12-03,7922.62
MN-BANK9009,Meridian North,MN-INV5009,2025-10-20,2202.89
MN-BANK9010,Meridian North,MN-INV5010,2025-07-07,6841.36
MN-BANK9011,Meridian North,MN-INV5011,2025-08-11,17137.77
MN-BANK9012,Meridian North,MN-INV5012,2025-08-01,14871.01
MN-BANK9013,Meridian North,MN-INV5013,2025-06-13,6566.23
MN-BANK9014,Meridian North,MN-INV5014,2025-09-14,11921.19
MN-BANK9015,Meridian North,MN-INV5015,2025-05-07,852.02
MN-BANK9016,Meridian North,MN-INV5016,2025-07-22,16655.91
MN-BANK9017,Meridian North,MN-INV5017,2025-07-09,17046.15
MN-BANK9018,Meridian North,MN-INV5018,2025-08-02,12943.77
MN-BANK9019,Meridian North,MN-INV5019,2025-08-20,5414.87
MN-BANK9020,Meridian North,MN-INV5020,2025-09-30,8832.97
MN-BANK9021,Meridian North,MN-INV5021,2025-12-18,2853.95
MN-BANK9022,Meridian North,MN-INV5023,2025-04-08,14905.42
MN-BANK9023,Meridian North,MN-INV5024,2025-10-23,11076.55
MN-BANK9024,Meridian North,MN-INV5025,2025-05-08,4906.16
MN-BANK9025,Meridian North,MN-INV5028,2025-08-01,16759.04
MN-BANK9026,Meridian North,MN-INV5029,2025-08-18,7839.04
MN-BANK9027,Meridian North,MN-INV5030,2025-07-24,6317.98
MN-BANK9028,Meridian North,MN-INV5031,2025-03-09,12316.05
MN-BANK9029,Meridian North,MN-INV5032,2025-05-11,8493.73
MN-BANK9030,Meridian North,MN-INV5033,2025-10-20,4264.48
MN-BANK9031,Meridian North,MN-INV5034,2025-11-27,2946.22
MN-BANK9032,Meridian North,MN-INV5035,2025-04-04,13331.86
MN-BANK9033,Meridian North,MN-INV5036,2025-07-28,17425.99
MN-BANK9034,Meridian North,MN-INV5037,2025-10-27,8010.74
MN-BANK9035,Meridian North,MN-INV5038,2025-08-17,17780.45
MN-BANK9036,Meridian North,MN-INV5039,2025-12-08,9022.18
MN-BANK9037,Meridian North,MN-INV5040,2025-07-02,16333.18
MN-BANK9038,Meridian North,MN-INV5041,2025-09-18,6395.22
MN-BANK9039,Meridian North,MN-INV5042,2025-08-13,9115.4
MN-BANK9040,Meridian North,MN-INV5043,2025-06-16,12333.67
MN-BANK9041,Meridian North,MN-INV5044,2025-12-30,8476.23
MN-BANK9042,Meridian North,MN-INV5045,2025-05-23,13446.13
MN-BANK9043,Meridian North,MN-INV5046,2025-03-21,13142.14
MN-BANK9044,Meridian North,MN-INV5047,2025-04-14,8763.43
MN-BANK9045,Meridian North,MN-INV5048,2025-08-01,9173.55
MN-BANK9046,Meridian North,MN-INV5049,2025-07-02,11275.93
MN-BANK9047,Meridian North,MN-INV5050,2025-07-28,10584.35
MN-BANK9048,Meridian North,MN-INV5052,2025-08-02,13049.82
MN-BANK9049,Meridian North,MN-INV5053,2025-08-17,2883.96
MN-BANK9050,Meridian North,MN-INV5054,2025-09-10,2431.89
MN-BANK9051,Meridian North,MN-INV5055,2025-08-21,624.62
MN-BANK9052,Meridian North,MN-INV5056,2025-11-12,888.25
MN-BANK9053,Meridian North,MN-INV5057,2025-03-29,6041.42
MN-BANK9054,Meridian North,MN-INV5058,2025-10-20,823.39
MN-BANK9055,Meridian North,MN-INV5059,2025-12-16,1144.64
MN-BANK9056,Meridian North,MN-INV5060,2025-04-12,17172.8
MN-BANK9057,Meridian North,MN-INV5061,2025-05-05,7636.63
MN-BANK9058,Meridian North,MN-INV5062,2025-09-24,17264.18
MN-BANK9059,Meridian North,MN-INV5063,2025-04-13,9476.22
MN-BANK9060,Meridian North,MN-INV5064,2025-03-22,5340.1
MN-BANK9061,Meridian North,MN-INV5065,2025-09-12,10121.94
MN-BANK9062,Meridian North,MN-INV5066,2025-03-17,5988.54
MN-BANK9063,Meridian North,MN-INV5067,2025-09-23,17864.24
MN-BANK9064,Meridian North,MN-INV5068,2025-04-25,7673.11
MN-BANK9065,Meridian North,MN-INV5069,2025-08-11,7098.17
MN-BANK9066,Meridian North,MN-INV5070,2025-11-26,12708.73
MN-BANK9067,Meridian North,MN-INV5071,2025-08-27,681.18
MN-BANK9068,Meridian North,MN-INV5072,2025-10-30,12661.04
MN-BANK9069,Meridian North,MN-INV5073,2025-06-04,4835.25
MN-BANK9070,Meridian North,MN-INV5074,2025-08-09,18273.41
MN-BANK9071,Meridian North,MN-INV5075,2025-09-18,6736.9
MN-BANK9072,Meridian North,MN-INV5076,2025-11-18,13823.91
MN-BANK9073,Meridian North,MN-INV5078,2025-07-04,14621.0
MN-BANK9074,Meridian North,MN-INV5079,2025-05-16,16233.05
MN-BANK9075,Meridian North,MN-INV5080,2025-07-28,13849.36
MN-BANK9076,Meridian North,MN-INV5081,2025-10-19,405.41
MN-BANK9077,Meridian North,MN-INV5082,2025-04-09,12533.25
MN-BANK9078,Meridian North,MN-INV5083,2025-12-04,5695.19
MN-BANK9079,Meridian North,MN-INV5084,2025-06-03,16431.21
MN-BANK9080,Meridian North,MN-INV5085,2025-08-08,11447.22
MN-BANK9081,Meridian North,MN-INV5087,2025-06-30,15279.16
MN-BANK9082,Meridian North,MN-INV5088,2025-04-12,14591.05
MN-BANK9083,Meridian North,MN-INV5089,2025-08-01,11086.26
MN-BANK9084,Meridian North,MN-INV5090,2025-12-09,16049.32
MN-BANK9085,Meridian North,MN-INV5091,2025-04-05,2235.46
MN-BANK9086,Meridian North,MN-INV5092,2025-11-23,945.75
MN-BANK9087,Meridian North,MN-INV5093,2025-08-15,16843.01
MN-BANK9088,Meridian North,MN-INV5094,2025-07-23,7139.6
MN-BANK9089,Meridian North,MN-INV5095,2025-12-10,13377.41
MN-BANK9090,Meridian North,MN-INV5096,2025-03-19,5885.26
MN-BANK9091,Meridian North,MN-INV5097,2025-04-04,13706.91
MN-BANK9092,Meridian North,MN-INV5098,2025-07-11,16180.7
MN-BANK9093,Meridian North,MN-INV5099,2025-06-06,15697.49
MN-BANK9094,Meridian North,MN-INV5100,2025-11-27,11409.07
MN-BANK9095,Meridian North,MN-INV5101,2025-08-24,2778.66
MN-BANK9096,Meridian North,MN-INV5102,2025-06-15,7053.17
MN-BANK9097,Meridian North,MN-INV5103,2025-03-20,1063.14
MN-BANK9098,Meridian North,MN-INV5104,2025-10-06,2238.55
MN-BANK9099,Meridian North,MN-INV5105,2025-05-26,291.06
MN-BANK9100,Meridian North,MN-INV5106,2025-08-23,3374.0
MN-BANK9101,Meridian North,MN-INV5107,2025-08-04,493.91
MN-BANK9102,Meridian North,MN-INV5108,2025-04-25,7582.34
MN-BANK9103,Meridian North,MN-INV5109,2025-08-23,10955.79
MN-BANK9104,Meridian North,MN-INV5110,2025-09-27,11769.67
MN-BANK9105,Meridian North,MN-INV5111,2025-06-17,3333.71
MN-BANK9106,Meridian North,MN-INV5112,2025-10-29,14093.75
MN-BANK9107,Meridian North,MN-INV5113,2025-04-05,11735.92
MN-BANK9108,Meridian North,MN-INV5114,2025-07-19,15411.63
MN-BANK9109,Meridian North,MN-INV5115,2025-10-29,16589.34
MN-BANK9110,Meridian North,MN-INV5116,2025-03-18,8417.1
MN-BANK9111,Meridian North,MN-INV5117,2025-08-20,6827.53
MN-BANK9112,Meridian North,MN-INV5118,2025-03-09,6199.83
MN-BANK9113,Meridian North,MN-INV5119,2025-08-14,16972.3
MN-BANK9114,Meridian North,MN-INV5120,2025-08-04,10406.22
MN-BANK9115,Meridian North,MN-INV5121,2025-03-26,6789.55
MN-BANK9116,Meridian North,MN-INV5122,2025-04-20,2993.24
MN-BANK9117,Meridian North,MN-INV5123,2025-12-14,2554.75
MN-BANK9118,Meridian North,MN-INV5124,2025-03-24,7689.26
MN-BANK9119,Meridian North,MN-INV5125,2025-06-12,14988.25
MN-BANK9120,Meridian North,MN-INV5126,2025-07-04,14428.58
MN-BANK9121,Meridian North,MN-INV5127,2025-03-13,10325.82
MN-BANK9122,Meridian North,MN-INV5128,2025-09-08,16762.37
MN-BANK9123,Meridian North,MN-INV5129,2025-08-14,4476.53
MN-BANK9124,Meridian North,MN-INV5130,2025-05-05,852.86
MN-BANK9125,Meridian North,MN-INV5131,2025-02-21,10220.56
MN-BANK9126,Meridian North,MN-INV5132,2025-08-19,11874.76
MN-BANK9127,Meridian North,MN-INV5133,2025-11-01,8026.53
MN-BANK9128,Meridian North,MN-INV5135,2025-02-17,4804.48
MN-BANK9129,Meridian North,MN-INV5136,2025-03-26,963.56
MN-BANK9130,Meridian North,MN-INV5137,2025-05-06,8548.42
MN-BANK9131,Meridian North,MN-INV5138,2025-10-18,8836.89
MN-BANK9132,Meridian North,MN-INV5139,2025-06-22,16472.08
MN-BANK9133,Meridian North,MN-INV5140,2025-07-04,14851.07
MN-BANK9134,Meridian North,MN-INV5142,2025-11-12,18466.06
MN-BANK9135,Meridian North,MN-INV5143,2025-09-25,17633.69
MN-BANK9136,Meridian North,MN-INV5144,2025-07-07,7175.38
MN-BANK9137,Meridian North,MN-INV5145,2025-11-01,5918.97
MN-BANK9138,Meridian North,MN-INV5146,2025-04-24,4953.6
MN-BANK9139,Meridian North,MN-INV5147,2025-06-07,8444.98
MN-BANK9140,Meridian North,MN-INV5148,2025-10-19,5478.15
MN-BANK9141,Meridian North,MN-INV5149,2025-05-31,9215.3
MN-BANK9142,Meridian North,MN-INV5151,2025-12-03,9643.56
MN-BANK9143,Meridian North,MN-INV5152,2025-09-26,16861.57
MN-BANK9144,Meridian North,MN-INV5153,2025-08-23,5362.29
MN-BANK9145,Meridian North,MN-INV5154,2025-03-27,9372.22
MN-BANK9146,Meridian North,MN-INV5155,2025-10-24,1640.44
MN-BANK9147,Meridian North,MN-INV5156,2025-09-24,16463.09
MN-BANK9148,Meridian North,MN-INV5157,2025-07-05,3050.78
MN-BANK9149,Meridian North,MN-INV5158,2025-07-26,18048.12
MN-BANK9150,Meridian North,MN-INV5159,2025-09-13,5475.39
MN-BANK9151,Meridian North,MN-INV5160,2025-05-10,14153.28
MN-BANK9152,Meridian North,MN-INV5161,2025-09-24,10829.36
MN-BANK9153,Meridian North,MN-INV5163,2025-05-22,7239.5
MN-BANK9154,Meridian North,MN-INV5164,2025-08-01,6998.19
MN-BANK9155,Meridian North,MN-INV5165,2025-03-13,6261.3
MN-BANK9156,Meridian North,MN-INV5166,2025-04-23,7360.72
MN-BANK9157,Meridian North,MN-INV5167,2025-10-24,6909.37
MN-BANK9158,Meridian North,MN-INV5168,2025-11-19,8858.73
MN-BANK9159,Meridian North,MN-INV5169,2025-04-25,14364.02
MN-BANK9160,Meridian North,MN-INV5170,2025-02-20,8243.06
MN-BANK9161,Meridian North,MN-INV5171,2025-03-12,10442.27
MN-BANK9162,Meridian North,MN-INV5172,2025-07-09,12552.19
MN-BANK9163,Meridian North,MN-INV5173,2025-11-05,18174.48
MN-BANK9164,Meridian North,MN-INV5174,2025-08-15,2386.39
MN-BANK9165,Meridian North,MN-INV5175,2025-07-31,1600.19
MN-BANK9166,Meridian North,MN-INV5177,2025-03-05,11856.28
MN-BANK9167,Meridian North,MN-INV5178,2025-10-16,18094.66
MN-BANK9168,Meridian North,MN-INV5179,2025-08-18,14245.6
MN-BANK9169,Meridian North,MN-INV5180,2025-05-18,17287.48
MN-BANK9170,Meridian North,MN-INV5181,2025-04-03,2118.97
MN-BANK9171,Meridian North,MN-INV5182,2025-09-27,8738.18
MN-BANK9172,Meridian North,MN-INV5183,2025-08-07,14046.14
MN-BANK9173,Meridian North,MN-INV5185,2025-06-14,6198.62
MN-BANK9174,Meridian North,MN-INV5187,2025-09-06,5779.9
MN-BANK9175,Meridian North,MN-INV5188,2025-07-31,2600.99
MN-BANK9176,Meridian North,MN-INV5189,2025-10-13,14866.61
MN-BANK9177,Meridian North,MN-INV5190,2025-10-07,10502.5
MN-BANK9178,Meridian North,MN-INV5191,2025-09-25,8257.77
MN-BANK9179,Meridian North,MN-INV5192,2025-09-02,10497.77
MN-BANK9180,Meridian North,MN-INV5193,2025-11-05,1490.09
MN-BANK9181,Meridian North,MN-INV5194,2025-02-28,2635.12
MN-BANK9182,Meridian North,,2025-07-13,162.75
MN-BANK9183,Meridian North,,2025-12-16,386.37
MN-BANK9184,Meridian North,,2025-10-04,70.54
MN-BANK9185,Meridian North,,2025-06-28,65.08
MN-BANK9186,Meridian North,,2025-10-03,169.36
MN-BANK9187,Meridian North,,2025-03-07,296.59
MN-BANK9188,Meridian North,,2025-04-25,337.23
MW-BANK9001,Meridian West,MW-INV5001,2025-09-06,12508.72
MW-BANK9002,Meridian West,MW-INV5002,2025-06-01,2195.7
MW-BANK9003,Meridian West,MW-INV5003,2025-11-12,12481.63
MW-BANK9004,Meridian West,MW-INV5004,2025-04-25,15119.68
MW-BANK9005,Meridian West,MW-INV5005,2025-12-16,9714.96
MW-BANK9006,Meridian West,MW-INV5006,2025-10-14,17428.11
MW-BANK9007,Meridian West,MW-INV5007,2025-10-14,8839.07
MW-BANK9008,Meridian West,MW-INV5008,2025-10-20,4829.17
MW-BANK9009,Meridian West,MW-INV5009,2025-03-23,5076.27
MW-BANK9010,Meridian West,MW-INV5011,2025-06-08,6259.9
MW-BANK9011,Meridian West,MW-INV5012,2025-06-19,12914.74
MW-BANK9012,Meridian West,MW-INV5013,2025-12-23,9560.18
MW-BANK9013,Meridian West,MW-INV5015,2025-11-18,2946.75
MW-BANK9014,Meridian West,MW-INV5016,2025-06-20,14157.67
MW-BANK9015,Meridian West,MW-INV5018,2025-12-21,1040.24
MW-BANK9016,Meridian West,MW-INV5021,2025-05-18,2882.27
MW-BANK9017,Meridian West,MW-INV5022,2025-08-06,8572.61
MW-BANK9018,Meridian West,MW-INV5023,2025-03-25,8884.69
MW-BANK9019,Meridian West,MW-INV5024,2025-10-28,18083.99
MW-BANK9020,Meridian West,MW-INV5025,2025-09-25,12709.27
MW-BANK9021,Meridian West,MW-INV5026,2025-06-23,10922.11
MW-BANK9022,Meridian West,MW-INV5027,2025-12-25,14015.43
MW-BANK9023,Meridian West,MW-INV5028,2025-04-03,8170.57
MW-BANK9024,Meridian West,MW-INV5029,2025-11-29,9152.57
MW-BANK9025,Meridian West,MW-INV5030,2025-12-02,5570.21
MW-BANK9026,Meridian West,MW-INV5031,2025-07-28,245.33
MW-BANK9027,Meridian West,MW-INV5032,2025-10-26,10329.48
MW-BANK9028,Meridian West,MW-INV5033,2025-08-01,14447.75
MW-BANK9029,Meridian West,MW-INV5034,2025-04-26,5084.66
MW-BANK9030,Meridian West,MW-INV5035,2025-07-13,11619.37
MW-BANK9031,Meridian West,MW-INV5036,2025-11-28,7120.98
MW-BANK9032,Meridian West,MW-INV5037,2025-09-26,17926.11
MW-BANK9033,Meridian West,MW-INV5038,2025-08-07,6848.04
MW-BANK9034,Meridian West,MW-INV5039,2025-05-24,12863.53
MW-BANK9035,Meridian West,MW-INV5040,2025-07-25,1507.26
MW-BANK9036,Meridian West,MW-INV5041,2025-10-23,13024.99
MW-BANK9037,Meridian West,MW-INV5042,2025-05-22,12022.45
MW-BANK9038,Meridian West,MW-INV5043,2025-04-13,9520.91
MW-BANK9039,Meridian West,MW-INV5045,2025-08-12,15404.68
MW-BANK9040,Meridian West,MW-INV5046,2025-08-22,13398.59
MW-BANK9041,Meridian West,MW-INV5047,2025-12-27,13737.98
MW-BANK9042,Meridian West,MW-INV5048,2025-11-24,3534.69
MW-BANK9043,Meridian West,MW-INV5049,2025-08-02,5257.63
MW-BANK9044,Meridian West,MW-INV5050,2025-04-16,4964.18
MW-BANK9045,Meridian West,MW-INV5051,2025-08-08,3315.88
MW-BANK9046,Meridian West,MW-INV5052,2025-04-25,4527.81
MW-BANK9047,Meridian West,MW-INV5053,2025-08-06,10010.91
MW-BANK9048,Meridian West,MW-INV5054,2025-08-30,11516.17
MW-BANK9049,Meridian West,MW-INV5055,2025-12-21,7776.82
MW-BANK9050,Meridian West,MW-INV5056,2025-07-11,4275.88
MW-BANK9051,Meridian West,MW-INV5057,2025-04-27,10116.0
MW-BANK9052,Meridian West,MW-INV5058,2025-04-01,13655.39
MW-BANK9053,Meridian West,MW-INV5059,2025-08-23,15048.16
MW-BANK9054,Meridian West,MW-INV5060,2025-05-08,11456.37
MW-BANK9055,Meridian West,MW-INV5061,2025-05-26,5459.27
MW-BANK9056,Meridian West,MW-INV5062,2025-03-26,18362.12
MW-BANK9057,Meridian West,MW-INV5064,2025-08-07,9611.51
MW-BANK9058,Meridian West,MW-INV5065,2025-03-31,12337.04
MW-BANK9059,Meridian West,MW-INV5066,2025-10-04,5077.65
MW-BANK9060,Meridian West,MW-INV5069,2025-07-10,12057.52
MW-BANK9061,Meridian West,MW-INV5070,2025-04-12,175.18
MW-BANK9062,Meridian West,MW-INV5071,2025-08-13,4351.18
MW-BANK9063,Meridian West,MW-INV5072,2025-04-11,11922.92
MW-BANK9064,Meridian West,MW-INV5073,2025-05-28,7704.88
MW-BANK9065,Meridian West,MW-INV5075,2025-11-25,14444.09
MW-BANK9066,Meridian West,MW-INV5076,2025-08-11,5573.2
MW-BANK9067,Meridian West,MW-INV5077,2025-12-01,18090.74
MW-BANK9068,Meridian West,MW-INV5078,2025-09-06,17664.21
MW-BANK9069,Meridian West,MW-INV5079,2025-09-27,14226.47
MW-BANK9070,Meridian West,MW-INV5080,2025-08-03,1600.05
MW-BANK9071,Meridian West,MW-INV5081,2025-07-15,15682.69
MW-BANK9072,Meridian West,MW-INV5082,2025-12-13,13760.08
MW-BANK9073,Meridian West,MW-INV5083,2025-10-17,3213.77
MW-BANK9074,Meridian West,MW-INV5084,2025-06-16,9762.72
MW-BANK9075,Meridian West,MW-INV5085,2025-09-24,3036.64
MW-BANK9076,Meridian West,MW-INV5086,2025-02-13,4637.52
MW-BANK9077,Meridian West,MW-INV5087,2025-12-24,7788.31
MW-BANK9078,Meridian West,MW-INV5088,2025-05-17,4245.45
MW-BANK9079,Meridian West,MW-INV5089,2025-08-11,6919.67
MW-BANK9080,Meridian West,MW-INV5090,2025-05-28,13595.95
MW-BANK9081,Meridian West,MW-INV5091,2025-08-15,15729.26
MW-BANK9082,Meridian West,MW-INV5092,2025-07-14,1857.04
MW-BANK9083,Meridian West,MW-INV5093,2025-11-05,15196.32
MW-BANK9084,Meridian West,MW-INV5094,2025-07-31,13008.31
MW-BANK9085,Meridian West,MW-INV5095,2025-04-26,8702.11
MW-BANK9086,Meridian West,MW-INV5098,2025-08-31,10351.75
MW-BANK9087,Meridian West,MW-INV5100,2025-06-02,16710.8
MW-BANK9088,Meridian West,MW-INV5101,2025-05-17,13443.31
MW-BANK9089,Meridian West,MW-INV5102,2025-06-30,8334.31
MW-BANK9090,Meridian West,MW-INV5103,2025-09-30,2668.28
MW-BANK9091,Meridian West,MW-INV5104,2025-07-25,14498.15
MW-BANK9092,Meridian West,MW-INV5105,2025-07-08,4169.02
MW-BANK9093,Meridian West,MW-INV5107,2025-11-19,6660.67
MW-BANK9094,Meridian West,MW-INV5108,2025-10-24,10492.18
MW-BANK9095,Meridian West,MW-INV5109,2025-04-10,515.68
MW-BANK9096,Meridian West,MW-INV5110,2025-07-31,1242.85
MW-BANK9097,Meridian West,MW-INV5111,2025-07-19,10903.41
MW-BANK9098,Meridian West,MW-INV5112,2025-12-04,5972.15
MW-BANK9099,Meridian West,MW-INV5113,2025-07-22,2486.84
MW-BANK9100,Meridian West,MW-INV5114,2025-03-27,3491.2
MW-BANK9101,Meridian West,MW-INV5115,2025-04-23,6513.97
MW-BANK9102,Meridian West,MW-INV5116,2025-08-28,359.11
MW-BANK9103,Meridian West,MW-INV5117,2025-07-26,3202.31
MW-BANK9104,Meridian West,MW-INV5118,2025-12-26,14063.77
MW-BANK9105,Meridian West,MW-INV5119,2025-03-10,3102.6
MW-BANK9106,Meridian West,MW-INV5122,2025-10-30,10236.31
MW-BANK9107,Meridian West,MW-INV5123,2025-09-28,3284.77
MW-BANK9108,Meridian West,MW-INV5124,2025-12-16,5012.83
MW-BANK9109,Meridian West,MW-INV5125,2025-08-21,5078.11
MW-BANK9110,Meridian West,MW-INV5126,2025-08-26,17962.45
MW-BANK9111,Meridian West,MW-INV5128,2025-09-24,10631.89
MW-BANK9112,Meridian West,MW-INV5129,2025-05-25,4038.18
MW-BANK9113,Meridian West,MW-INV5130,2025-11-12,4882.21
MW-BANK9114,Meridian West,MW-INV5131,2025-02-25,9739.01
MW-BANK9115,Meridian West,MW-INV5132,2025-03-26,10475.25
MW-BANK9116,Meridian West,MW-INV5133,2025-10-30,5203.85
MW-BANK9117,Meridian West,MW-INV5134,2025-12-29,4509.58
MW-BANK9118,Meridian West,MW-INV5135,2025-07-16,12717.03
MW-BANK9119,Meridian West,MW-INV5136,2025-11-12,11995.93
MW-BANK9120,Meridian West,MW-INV5137,2025-03-11,5848.61
MW-BANK9121,Meridian West,MW-INV5138,2025-03-27,4728.15
MW-BANK9122,Meridian West,MW-INV5139,2025-08-16,710.83
MW-BANK9123,Meridian West,MW-INV5140,2025-06-20,13893.44
MW-BANK9124,Meridian West,MW-INV5142,2025-12-04,3328.23
MW-BANK9125,Meridian West,MW-INV5143,2025-08-21,8572.61
MW-BANK9126,Meridian West,MW-INV5144,2025-12-27,17885.01
MW-BANK9127,Meridian West,MW-INV5145,2025-08-24,15958.37
MW-BANK9128,Meridian West,MW-INV5146,2025-03-27,14929.64
MW-BANK9129,Meridian West,MW-INV5147,2025-07-01,13669.03
MW-BANK9130,Meridian West,MW-INV5148,2025-12-16,14552.86
MW-BANK9131,Meridian West,MW-INV5149,2025-07-24,4896.26
MW-BANK9132,Meridian West,MW-INV5150,2025-07-26,4248.07
MW-BANK9133,Meridian West,MW-INV5151,2025-09-14,10798.75
MW-BANK9134,Meridian West,MW-INV5152,2025-08-04,7730.52
MW-BANK9135,Meridian West,MW-INV5153,2025-04-21,14448.82
MW-BANK9136,Meridian West,MW-INV5154,2025-06-06,10724.72
MW-BANK9137,Meridian West,MW-INV5155,2025-08-01,235.68
MW-BANK9138,Meridian West,MW-INV5156,2025-06-17,478.76
MW-BANK9139,Meridian West,MW-INV5157,2025-07-25,1348.02
MW-BANK9140,Meridian West,MW-INV5159,2025-05-05,9410.03
MW-BANK9141,Meridian West,MW-INV5160,2025-12-11,1041.57
MW-BANK9142,Meridian West,MW-INV5161,2025-07-25,13029.28
MW-BANK9143,Meridian West,MW-INV5162,2025-07-24,11578.34
MW-BANK9144,Meridian West,MW-INV5163,2025-03-27,14443.55
MW-BANK9145,Meridian West,MW-INV5165,2025-04-24,2886.8
MW-BANK9146,Meridian West,MW-INV5166,2025-09-12,18292.02
MW-BANK9147,Meridian West,MW-INV5167,2025-12-21,1893.22
MW-BANK9148,Meridian West,MW-INV5168,2025-07-27,16270.03
MW-BANK9149,Meridian West,MW-INV5169,2025-07-25,7888.93
MW-BANK9150,Meridian West,MW-INV5170,2025-08-08,16871.01
MW-BANK9151,Meridian West,MW-INV5171,2025-03-27,13500.81
MW-BANK9152,Meridian West,MW-INV5172,2025-12-19,9780.41
MW-BANK9153,Meridian West,MW-INV5173,2025-04-07,8993.41
MW-BANK9154,Meridian West,MW-INV5174,2025-12-07,17295.72
MW-BANK9155,Meridian West,MW-INV5175,2025-08-17,4236.66
MW-BANK9156,Meridian West,MW-INV5176,2025-04-06,15868.41
MW-BANK9157,Meridian West,MW-INV5177,2025-03-06,1817.93
MW-BANK9158,Meridian West,MW-INV5178,2025-08-05,6817.33
MW-BANK9159,Meridian West,MW-INV5179,2025-12-10,1937.97
MW-BANK9160,Meridian West,MW-INV5180,2025-03-23,16607.7
MW-BANK9161,Meridian West,MW-INV5182,2025-05-18,14318.86
MW-BANK9162,Meridian West,MW-INV5183,2025-03-22,10886.97
MW-BANK9163,Meridian West,MW-INV5184,2025-04-04,7258.89
MW-BANK9164,Meridian West,MW-INV5185,2025-07-19,5548.08
MW-BANK9165,Meridian West,MW-INV5186,2025-08-15,13212.89
MW-BANK9166,Meridian West,MW-INV5187,2025-12-10,10104.72
MW-BANK9167,Meridian West,MW-INV5188,2025-12-21,13873.39
MW-BANK9168,Meridian West,MW-INV5189,2025-03-08,13915.9
MW-BANK9169,Meridian West,MW-INV5190,2025-05-26,13978.45
MW-BANK9170,Meridian West,MW-INV5191,2025-12-21,14542.04
MW-BANK9171,Meridian West,MW-INV5192,2025-10-20,1137.27
MW-BANK9172,Meridian West,,2025-12-30,266.1
MW-BANK9173,Meridian West,,2025-10-29,227.71
MW-BANK9174,Meridian West,,2025-11-05,94.66
MW-BANK9175,Meridian West,,2025-04-10,131.79
MW-BANK9176,Meridian West,,2025-04-01,393.71
MW-BANK9177,Meridian West,,2025-02-08,91.05
MW-BANK9178,Meridian West,,2025-03-30,299.33
MW-BANK9179,Meridian West,,2025-03-03,163.34
MW-BANK9180,Meridian West,,2025-08-08,126.06
MC-BANK9001,Meridian Coastal,MC-INV5002,2025-11-20,15621.62
MC-BANK9002,Meridian Coastal,MC-INV5003,2025-05-30,14577.84
MC-BANK9003,Meridian Coastal,MC-INV5004,2025-08-02,6225.07
MC-BANK9004,Meridian Coastal,MC-INV5005,2025-02-22,4560.38
MC-BANK9005,Meridian Coastal,MC-INV5006,2025-07-28,4858.44
MC-BANK9006,Meridian Coastal,MC-INV5007,2025-03-22,6027.74
MC-BANK9007,Meridian Coastal,MC-INV5008,2025-12-24,11701.59
MC-BANK9008,Meridian Coastal,MC-INV5009,2025-08-31,13855.45
MC-BANK9009,Meridian Coastal,MC-INV5010,2025-10-18,1442.61
MC-BANK9010,Meridian Coastal,MC-INV5011,2025-07-27,11920.11
MC-BANK9011,Meridian Coastal,MC-INV5012,2025-03-15,5468.5
MC-BANK9012,Meridian Coastal,MC-INV5013,2025-09-11,13852.93
MC-BANK9013,Meridian Coastal,MC-INV5014,2025-12-24,6996.94
MC-BANK9014,Meridian Coastal,MC-INV5015,2025-10-13,4004.47
MC-BANK9015,Meridian Coastal,MC-INV5016,2025-06-19,3715.89
MC-BANK9016,Meridian Coastal,MC-INV5017,2025-08-28,12475.42
MC-BANK9017,Meridian Coastal,MC-INV5018,2025-12-11,4453.68
MC-BANK9018,Meridian Coastal,MC-INV5019,2025-07-17,10551.92
MC-BANK9019,Meridian Coastal,MC-INV5020,2025-12-19,8152.88
MC-BANK9020,Meridian Coastal,MC-INV5021,2025-09-17,11281.62
MC-BANK9021,Meridian Coastal,MC-INV5022,2025-03-26,13498.26
MC-BANK9022,Meridian Coastal,MC-INV5023,2025-02-21,18476.66
MC-BANK9023,Meridian Coastal,MC-INV5025,2025-11-18,2725.8
MC-BANK9024,Meridian Coastal,MC-INV5027,2025-10-05,8768.52
MC-BANK9025,Meridian Coastal,MC-INV5028,2025-06-29,15469.91
MC-BANK9026,Meridian Coastal,MC-INV5029,2025-03-15,16797.9
MC-BANK9027,Meridian Coastal,MC-INV5030,2025-02-19,9358.71
MC-BANK9028,Meridian Coastal,MC-INV5031,2025-04-23,2321.36
MC-BANK9029,Meridian Coastal,MC-INV5032,2025-11-14,3108.87
MC-BANK9030,Meridian Coastal,MC-INV5033,2025-02-25,3202.36
MC-BANK9031,Meridian Coastal,MC-INV5034,2025-12-29,15220.92
MC-BANK9032,Meridian Coastal,MC-INV5035,2025-11-16,14233.44
MC-BANK9033,Meridian Coastal,MC-INV5036,2025-06-23,7090.18
MC-BANK9034,Meridian Coastal,MC-INV5037,2025-04-12,11156.58
MC-BANK9035,Meridian Coastal,MC-INV5038,2025-02-15,16609.38
MC-BANK9036,Meridian Coastal,MC-INV5039,2025-06-27,14255.13
MC-BANK9037,Meridian Coastal,MC-INV5040,2025-09-11,14178.51
MC-BANK9038,Meridian Coastal,MC-INV5041,2025-10-06,12160.92
MC-BANK9039,Meridian Coastal,MC-INV5042,2025-08-08,10511.7
MC-BANK9040,Meridian Coastal,MC-INV5043,2025-05-23,4806.82
MC-BANK9041,Meridian Coastal,MC-INV5044,2025-04-21,13872.39
MC-BANK9042,Meridian Coastal,MC-INV5045,2025-10-15,1105.17
MC-BANK9043,Meridian Coastal,MC-INV5047,2025-08-18,1767.38
MC-BANK9044,Meridian Coastal,MC-INV5048,2025-11-20,17830.77
MC-BANK9045,Meridian Coastal,MC-INV5049,2025-09-30,5398.22
MC-BANK9046,Meridian Coastal,MC-INV5050,2025-06-02,1743.57
MC-BANK9047,Meridian Coastal,MC-INV5051,2025-03-03,17016.91
MC-BANK9048,Meridian Coastal,MC-INV5052,2025-06-07,17210.25
MC-BANK9049,Meridian Coastal,MC-INV5053,2025-08-06,17527.73
MC-BANK9050,Meridian Coastal,MC-INV5054,2025-10-23,6382.78
MC-BANK9051,Meridian Coastal,MC-INV5055,2025-12-01,14621.84
MC-BANK9052,Meridian Coastal,MC-INV5056,2025-01-29,5421.76
MC-BANK9053,Meridian Coastal,MC-INV5057,2025-07-08,4160.69
MC-BANK9054,Meridian Coastal,MC-INV5058,2025-07-04,3870.77
MC-BANK9055,Meridian Coastal,MC-INV5059,2025-09-18,11413.72
MC-BANK9056,Meridian Coastal,MC-INV5061,2025-09-12,17392.66
MC-BANK9057,Meridian Coastal,MC-INV5062,2025-08-28,12519.79
MC-BANK9058,Meridian Coastal,MC-INV5063,2025-06-16,5093.64
MC-BANK9059,Meridian Coastal,MC-INV5064,2025-07-17,3450.97
MC-BANK9060,Meridian Coastal,MC-INV5065,2025-08-11,15881.27
MC-BANK9061,Meridian Coastal,MC-INV5066,2025-05-28,9612.08
MC-BANK9062,Meridian Coastal,MC-INV5067,2025-05-22,1251.67
MC-BANK9063,Meridian Coastal,MC-INV5068,2025-10-20,6464.97
MC-BANK9064,Meridian Coastal,MC-INV5069,2025-10-12,3352.79
MC-BANK9065,Meridian Coastal,MC-INV5070,2025-07-23,17703.51
MC-BANK9066,Meridian Coastal,MC-INV5071,2025-03-26,3122.69
MC-BANK9067,Meridian Coastal,MC-INV5072,2025-08-27,13873.88
MC-BANK9068,Meridian Coastal,MC-INV5073,2025-12-08,4767.72
MC-BANK9069,Meridian Coastal,MC-INV5074,2025-03-04,14187.68
MC-BANK9070,Meridian Coastal,MC-INV5075,2025-06-15,4694.98
MC-BANK9071,Meridian Coastal,MC-INV5076,2025-09-07,17304.64
MC-BANK9072,Meridian Coastal,MC-INV5077,2025-12-03,16248.34
MC-BANK9073,Meridian Coastal,MC-INV5078,2025-03-20,4917.46
MC-BANK9074,Meridian Coastal,MC-INV5079,2025-12-30,17070.32
MC-BANK9075,Meridian Coastal,MC-INV5080,2025-07-17,8170.9
MC-BANK9076,Meridian Coastal,MC-INV5081,2025-08-20,11624.68
MC-BANK9077,Meridian Coastal,MC-INV5082,2025-08-10,2657.05
MC-BANK9078,Meridian Coastal,MC-INV5083,2025-02-25,2941.94
MC-BANK9079,Meridian Coastal,MC-INV5084,2025-03-05,9207.18
MC-BANK9080,Meridian Coastal,MC-INV5085,2025-08-05,1622.09
MC-BANK9081,Meridian Coastal,MC-INV5086,2025-07-25,14245.47
MC-BANK9082,Meridian Coastal,MC-INV5087,2025-04-12,9712.9
MC-BANK9083,Meridian Coastal,MC-INV5088,2025-03-19,2391.3
MC-BANK9084,Meridian Coastal,MC-INV5089,2025-06-05,11763.88
MC-BANK9085,Meridian Coastal,MC-INV5090,2025-02-20,12782.26
MC-BANK9086,Meridian Coastal,MC-INV5091,2025-11-24,1251.96
MC-BANK9087,Meridian Coastal,MC-INV5092,2025-11-30,8200.49
MC-BANK9088,Meridian Coastal,MC-INV5093,2025-09-01,10408.1
MC-BANK9089,Meridian Coastal,MC-INV5094,2025-07-26,15941.29
MC-BANK9090,Meridian Coastal,MC-INV5095,2025-02-18,14388.09
MC-BANK9091,Meridian Coastal,MC-INV5096,2025-06-17,17897.44
MC-BANK9092,Meridian Coastal,MC-INV5097,2025-12-05,6059.14
MC-BANK9093,Meridian Coastal,MC-INV5098,2025-09-18,11926.14
MC-BANK9094,Meridian Coastal,MC-INV5099,2025-03-22,390.13
MC-BANK9095,Meridian Coastal,MC-INV5100,2025-10-22,15234.19
MC-BANK9096,Meridian Coastal,MC-INV5101,2025-05-16,17776.77
MC-BANK9097,Meridian Coastal,MC-INV5102,2025-10-29,13897.72
MC-BANK9098,Meridian Coastal,MC-INV5103,2025-08-17,16349.82
MC-BANK9099,Meridian Coastal,MC-INV5104,2025-08-31,10243.99
MC-BANK9100,Meridian Coastal,MC-INV5105,2025-10-23,10162.24
MC-BANK9101,Meridian Coastal,MC-INV5106,2025-02-08,11082.25
MC-BANK9102,Meridian Coastal,MC-INV5107,2025-02-02,14307.45
MC-BANK9103,Meridian Coastal,MC-INV5108,2025-09-01,6885.97
MC-BANK9104,Meridian Coastal,MC-INV5109,2025-04-04,13427.7
MC-BANK9105,Meridian Coastal,MC-INV5110,2025-11-10,14983.06
MC-BANK9106,Meridian Coastal,MC-INV5111,2025-04-12,16110.58
MC-BANK9107,Meridian Coastal,MC-INV5112,2025-07-10,10516.15
MC-BANK9108,Meridian Coastal,MC-INV5113,2025-11-26,10705.93
MC-BANK9109,Meridian Coastal,MC-INV5114,2025-11-13,4967.94
MC-BANK9110,Meridian Coastal,MC-INV5115,2025-09-15,7404.1
MC-BANK9111,Meridian Coastal,MC-INV5116,2025-07-23,2214.92
MC-BANK9112,Meridian Coastal,MC-INV5117,2025-05-03,18262.91
MC-BANK9113,Meridian Coastal,MC-INV5118,2025-12-25,15798.22
MC-BANK9114,Meridian Coastal,MC-INV5119,2025-03-02,6449.03
MC-BANK9115,Meridian Coastal,MC-INV5120,2025-10-15,9013.53
MC-BANK9116,Meridian Coastal,MC-INV5122,2025-03-01,12315.71
MC-BANK9117,Meridian Coastal,MC-INV5123,2025-07-27,9481.72
MC-BANK9118,Meridian Coastal,MC-INV5125,2025-08-10,6676.44
MC-BANK9119,Meridian Coastal,MC-INV5126,2025-03-19,4289.44
MC-BANK9120,Meridian Coastal,MC-INV5127,2025-11-17,16164.07
MC-BANK9121,Meridian Coastal,MC-INV5128,2025-07-25,12122.87
MC-BANK9122,Meridian Coastal,MC-INV5129,2025-04-08,8041.68
MC-BANK9123,Meridian Coastal,MC-INV5130,2025-05-06,2820.34
MC-BANK9124,Meridian Coastal,MC-INV5131,2025-12-23,17275.14
MC-BANK9125,Meridian Coastal,MC-INV5132,2025-11-21,4387.22
MC-BANK9126,Meridian Coastal,MC-INV5133,2025-11-13,8751.81
MC-BANK9127,Meridian Coastal,MC-INV5134,2025-02-08,17149.73
MC-BANK9128,Meridian Coastal,MC-INV5135,2025-09-22,12772.28
MC-BANK9129,Meridian Coastal,MC-INV5136,2025-07-20,10645.0
MC-BANK9130,Meridian Coastal,MC-INV5137,2025-07-02,9668.19
MC-BANK9131,Meridian Coastal,MC-INV5139,2025-05-22,5738.57
MC-BANK9132,Meridian Coastal,MC-INV5140,2025-09-07,15378.55
MC-BANK9133,Meridian Coastal,MC-INV5141,2025-11-03,8423.76
MC-BANK9134,Meridian Coastal,MC-INV5143,2025-08-30,13128.57
MC-BANK9135,Meridian Coastal,MC-INV5144,2025-10-26,16138.45
MC-BANK9136,Meridian Coastal,MC-INV5145,2025-07-20,2564.33
MC-BANK9137,Meridian Coastal,MC-INV5146,2025-01-28,11306.51
MC-BANK9138,Meridian Coastal,MC-INV5147,2025-11-20,5253.37
MC-BANK9139,Meridian Coastal,MC-INV5148,2025-03-03,2817.62
MC-BANK9140,Meridian Coastal,MC-INV5149,2025-08-15,5368.38
MC-BANK9141,Meridian Coastal,MC-INV5150,2025-07-14,17242.65
MC-BANK9142,Meridian Coastal,MC-INV5151,2025-02-28,12896.27
MC-BANK9143,Meridian Coastal,MC-INV5152,2025-11-02,13540.52
MC-BANK9144,Meridian Coastal,MC-INV5153,2025-08-16,9790.93
MC-BANK9145,Meridian Coastal,MC-INV5155,2025-09-04,15712.08
MC-BANK9146,Meridian Coastal,MC-INV5156,2025-02-14,11905.35
MC-BANK9147,Meridian Coastal,MC-INV5157,2025-04-07,13442.68
MC-BANK9148,Meridian Coastal,MC-INV5158,2025-09-11,16961.59
MC-BANK9149,Meridian Coastal,MC-INV5159,2025-09-04,13776.43
MC-BANK9150,Meridian Coastal,MC-INV5160,2025-12-23,6237.05
MC-BANK9151,Meridian Coastal,MC-INV5161,2025-04-13,11071.77
MC-BANK9152,Meridian Coastal,MC-INV5162,2025-07-18,8442.48
MC-BANK9153,Meridian Coastal,MC-INV5163,2025-03-31,9006.87
MC-BANK9154,Meridian Coastal,MC-INV5164,2025-05-05,14269.98
MC-BANK9155,Meridian Coastal,MC-INV5165,2025-08-31,2275.59
MC-BANK9156,Meridian Coastal,MC-INV5166,2025-04-17,9702.6
MC-BANK9157,Meridian Coastal,MC-INV5168,2025-05-19,14330.64
MC-BANK9158,Meridian Coastal,MC-INV5169,2025-09-27,2028.59
MC-BANK9159,Meridian Coastal,MC-INV5170,2025-06-22,16540.66
MC-BANK9160,Meridian Coastal,MC-INV5171,2025-04-12,7975.65
MC-BANK9161,Meridian Coastal,MC-INV5172,2025-07-10,13231.69
MC-BANK9162,Meridian Coastal,MC-INV5173,2025-09-28,1934.78
MC-BANK9163,Meridian Coastal,MC-INV5174,2025-11-21,3514.53
MC-BANK9164,Meridian Coastal,MC-INV5175,2025-05-04,6598.94
MC-BANK9165,Meridian Coastal,MC-INV5176,2025-08-09,6129.71
MC-BANK9166,Meridian Coastal,MC-INV5177,2025-06-10,10204.86
MC-BANK9167,Meridian Coastal,MC-INV5178,2025-10-30,4483.43
MC-BANK9168,Meridian Coastal,MC-INV5179,2025-09-02,6120.69
MC-BANK9169,Meridian Coastal,MC-INV5180,2025-07-21,1278.2
MC-BANK9170,Meridian Coastal,MC-INV5181,2025-10-28,5499.08
MC-BANK9171,Meridian Coastal,MC-INV5182,2025-08-09,13321.47
MC-BANK9172,Meridian Coastal,MC-INV5183,2025-07-06,1295.23
MC-BANK9173,Meridian Coastal,MC-INV5185,2025-03-02,7384.82
MC-BANK9174,Meridian Coastal,MC-INV5186,2025-05-24,3603.96
MC-BANK9175,Meridian Coastal,MC-INV5188,2025-08-12,15933.8
MC-BANK9176,Meridian Coastal,MC-INV5189,2025-08-10,11243.92
MC-BANK9177,Meridian Coastal,MC-INV5190,2025-07-18,764.03
MC-BANK9178,Meridian Coastal,MC-INV5192,2025-12-12,13759.94
MC-BANK9179,Meridian Coastal,MC-INV5193,2025-10-11,9557.37
MC-BANK9180,Meridian Coastal,MC-INV5194,2025-05-03,798.24
MC-BANK9181,Meridian Coastal,MC-INV5195,2025-04-27,5503.67
MC-BANK9182,Meridian Coastal,MC-INV5196,2025-06-24,2582.09
MC-BANK9183,Meridian Coastal,MC-INV5197,2025-04-25,3368.58
MC-BANK9184,Meridian Coastal,MC-INV5198,2025-11-09,17287.83
MC-BANK9185,Meridian Coastal,MC-INV5199,2025-12-19,15597.64
MC-BANK9186,Meridian Coastal,MC-INV5200,2025-08-12,8889.49
MC-BANK9187,Meridian Coastal,MC-INV5202,2025-12-01,6642.75
MC-BANK9188,Meridian Coastal,MC-INV5203,2025-06-16,14337.32
MC-BANK9189,Meridian Coastal,MC-INV5205,2025-12-25,5348.5
MC-BANK9190,Meridian Coastal,MC-INV5206,2025-11-14,11858.82
MC-BANK9191,Meridian Coastal,MC-INV5207,2025-05-30,4798.71
MC-BANK9192,Meridian Coastal,MC-INV5208,2025-12-28,16727.23
MC-BANK9193,Meridian Coastal,MC-INV5209,2025-03-18,3415.01
MC-BANK9194,Meridian Coastal,MC-INV5210,2025-05-14,10070.6
MC-BANK9195,Meridian Coastal,,2025-02-06,237.11
MC-BANK9196,Meridian Coastal,,2025-05-09,315.35
MC-BANK9197,Meridian Coastal,,2025-01-10,360.67
MC-BANK9198,Meridian Coastal,,2025-03-18,268.09
