vendor_id,vendor_name,category,payment_terms,tax_id,active
MN-V101,COASTAL OFFICE SUPPLY CO.,Office Supplies,Net 30,,N
MN-V102,Evergreen Landscaping Group,Landscaping,Net 30,,Y
MN-V103,Clearwater Cleaning Co.,Janitorial,Net 30,BN875340444RT0001,N
MN-V104,Summit Utilities Consulting,Utilities,Net 30,BN214257751RT0001,N
MN-V105,Harborline Professional Services,Professional Services,Net 45,BN489747629RT0001,N
MN-V106,Bluepine HVAC Systems,Facilities,Net 15,BN176228245RT0001,Y
MN-V107,Redwood Legal Partners,Professional Services,Net 30,BN176082500RT0001,N
MN-V108,Cascade Waste Management,Waste,Net 30,BN823019672RT0001,Y
MN-V109,Nightingale Payroll Services,Professional Services,Net 30,BN278575192RT0001,N
